build_id,commit_sha,file_changed,status,duration_seconds,trigger_type,data_provenance
1001,cf334053,src/middleware/auth-middleware.js,failed,100,pr_merge,SYNTHETIC_DATA_PROTOTYPE
1002,cf671858,src/controllers/user-controller.js,passed,203,nightly_cron,SYNTHETIC_DATA_PROTOTYPE
1003,cf198246,src/middleware/auth-middleware.js,passed,38,pr_merge,SYNTHETIC_DATA_PROTOTYPE
1004,cf688508,src/controllers/admin-controller.js,passed,184,pr_merge,SYNTHETIC_DATA_PROTOTYPE
1005,cf539898,src/controllers/admin-controller.js,passed,209,nightly_cron,SYNTHETIC_DATA_PROTOTYPE
1006,cf895667,src/controllers/admin-controller.js,passed,101,pr_merge,SYNTHETIC_DATA_PROTOTYPE
1007,cf263032,src/controllers/user-controller.js,passed,117,manual_run,SYNTHETIC_DATA_PROTOTYPE
1008,cf197251,src/controllers/admin-controller.js,passed,116,pr_merge,SYNTHETIC_DATA_PROTOTYPE
1009,cf377370,src/db/connection.js,failed,118,nightly_cron,SYNTHETIC_DATA_PROTOTYPE
1010,cf496922,src/auth/legacy-jwt.js,passed,167,pr_merge,SYNTHETIC_DATA_PROTOTYPE
1011,cf479201,src/middleware/auth-middleware.js,passed,190,nightly_cron,SYNTHETIC_DATA_PROTOTYPE
1012,cf338968,src/controllers/admin-controller.js,passed,41,nightly_cron,SYNTHETIC_DATA_PROTOTYPE
1013,cf498591,src/auth/validators.js,passed,89,pr_merge,SYNTHETIC_DATA_PROTOTYPE
1014,cf488162,src/auth/validators.js,passed,123,pr_merge,SYNTHETIC_DATA_PROTOTYPE
1015,cf816751,src/utils/logger.js,passed,98,nightly_cron,SYNTHETIC_DATA_PROTOTYPE
1016,cf864544,src/middleware/auth-middleware.js,passed,73,nightly_cron,SYNTHETIC_DATA_PROTOTYPE
1017,cf771088,src/controllers/admin-controller.js,passed,127,manual_run,SYNTHETIC_DATA_PROTOTYPE
1018,cf340174,src/controllers/admin-controller.js,passed,226,pr_merge,SYNTHETIC_DATA_PROTOTYPE
1019,cf169403,src/auth/legacy-jwt.js,passed,132,manual_run,SYNTHETIC_DATA_PROTOTYPE
1020,cf429963,src/controllers/admin-controller.js,passed,175,nightly_cron,SYNTHETIC_DATA_PROTOTYPE
1021,cf581141,src/controllers/admin-controller.js,passed,131,nightly_cron,SYNTHETIC_DATA_PROTOTYPE
1022,cf688637,src/controllers/user-controller.js,passed,93,nightly_cron,SYNTHETIC_DATA_PROTOTYPE
1023,cf518801,src/auth/validators.js,passed,139,nightly_cron,SYNTHETIC_DATA_PROTOTYPE
1024,cf617488,src/utils/logger.js,passed,65,nightly_cron,SYNTHETIC_DATA_PROTOTYPE
1025,cf757924,src/middleware/auth-middleware.js,passed,58,pr_merge,SYNTHETIC_DATA_PROTOTYPE
1026,cf166613,src/controllers/user-controller.js,passed,138,nightly_cron,SYNTHETIC_DATA_PROTOTYPE
1027,cf363626,src/db/connection.js,passed,149,nightly_cron,SYNTHETIC_DATA_PROTOTYPE
1028,cf663054,src/auth/legacy-jwt.js,passed,59,nightly_cron,SYNTHETIC_DATA_PROTOTYPE
1029,cf407757,src/auth/validators.js,passed,117,pr_merge,SYNTHETIC_DATA_PROTOTYPE
1030,cf854639,src/db/connection.js,failed,30,nightly_cron,SYNTHETIC_DATA_PROTOTYPE
1031,cf632342,src/auth/validators.js,passed,225,pr_merge,SYNTHETIC_DATA_PROTOTYPE
1032,cf632323,src/middleware/auth-middleware.js,passed,106,nightly_cron,SYNTHETIC_DATA_PROTOTYPE
1033,cf665579,src/controllers/admin-controller.js,passed,225,pr_merge,SYNTHETIC_DATA_PROTOTYPE
1034,cf217301,src/auth/legacy-jwt.js,passed,155,pr_merge,SYNTHETIC_DATA_PROTOTYPE
1035,cf351083,src/utils/logger.js,passed,236,manual_run,SYNTHETIC_DATA_PROTOTYPE
1036,cf189814,src/auth/legacy-jwt.js,failed,175,pr_merge,SYNTHETIC_DATA_PROTOTYPE
1037,cf903035,src/models/user-model.js,passed,224,nightly_cron,SYNTHETIC_DATA_PROTOTYPE
1038,cf273148,src/controllers/user-controller.js,failed,151,nightly_cron,SYNTHETIC_DATA_PROTOTYPE
1039,cf322086,src/auth/validators.js,passed,185,manual_run,SYNTHETIC_DATA_PROTOTYPE
1040,cf781446,src/controllers/admin-controller.js,passed,132,nightly_cron,SYNTHETIC_DATA_PROTOTYPE
1041,cf226882,src/utils/logger.js,passed,162,manual_run,SYNTHETIC_DATA_PROTOTYPE
1042,cf716886,src/controllers/admin-controller.js,passed,116,pr_merge,SYNTHETIC_DATA_PROTOTYPE
1043,cf842225,src/controllers/admin-controller.js,passed,31,pr_merge,SYNTHETIC_DATA_PROTOTYPE
1044,cf174299,src/auth/legacy-jwt.js,failed,38,manual_run,SYNTHETIC_DATA_PROTOTYPE
1045,cf665427,src/controllers/admin-controller.js,passed,154,pr_merge,SYNTHETIC_DATA_PROTOTYPE
1046,cf595631,src/controllers/user-controller.js,passed,176,nightly_cron,SYNTHETIC_DATA_PROTOTYPE
1047,cf299659,src/controllers/admin-controller.js,passed,236,manual_run,SYNTHETIC_DATA_PROTOTYPE
1048,cf544154,src/middleware/auth-middleware.js,failed,140,manual_run,SYNTHETIC_DATA_PROTOTYPE
1049,cf806073,src/db/connection.js,passed,216,pr_merge,SYNTHETIC_DATA_PROTOTYPE
1050,cf939482,src/middleware/auth-middleware.js,failed,216,manual_run,SYNTHETIC_DATA_PROTOTYPE
1051,cf570405,src/middleware/auth-middleware.js,failed,78,nightly_cron,SYNTHETIC_DATA_PROTOTYPE
1052,cf361941,src/controllers/user-controller.js,passed,101,manual_run,SYNTHETIC_DATA_PROTOTYPE
1053,cf153045,src/middleware/auth-middleware.js,passed,170,pr_merge,SYNTHETIC_DATA_PROTOTYPE
1054,cf274389,src/auth/legacy-jwt.js,passed,222,pr_merge,SYNTHETIC_DATA_PROTOTYPE
1055,cf161483,src/db/connection.js,passed,84,manual_run,SYNTHETIC_DATA_PROTOTYPE
1056,cf922157,src/controllers/user-controller.js,passed,129,manual_run,SYNTHETIC_DATA_PROTOTYPE
1057,cf921414,src/models/user-model.js,passed,208,nightly_cron,SYNTHETIC_DATA_PROTOTYPE
1058,cf161324,src/models/user-model.js,failed,105,pr_merge,SYNTHETIC_DATA_PROTOTYPE
1059,cf712554,src/auth/legacy-jwt.js,passed,44,pr_merge,SYNTHETIC_DATA_PROTOTYPE
1060,cf159642,src/models/user-model.js,passed,165,pr_merge,SYNTHETIC_DATA_PROTOTYPE
1061,cf171262,src/middleware/auth-middleware.js,passed,47,nightly_cron,SYNTHETIC_DATA_PROTOTYPE
1062,cf707040,src/controllers/admin-controller.js,passed,175,pr_merge,SYNTHETIC_DATA_PROTOTYPE
1063,cf712024,src/auth/legacy-jwt.js,passed,137,nightly_cron,SYNTHETIC_DATA_PROTOTYPE
1064,cf850981,src/utils/logger.js,passed,82,nightly_cron,SYNTHETIC_DATA_PROTOTYPE
1065,cf804318,src/utils/logger.js,passed,131,pr_merge,SYNTHETIC_DATA_PROTOTYPE
1066,cf109767,src/auth/validators.js,passed,222,pr_merge,SYNTHETIC_DATA_PROTOTYPE
1067,cf176819,src/models/user-model.js,passed,174,pr_merge,SYNTHETIC_DATA_PROTOTYPE
1068,cf172132,src/controllers/admin-controller.js,passed,63,manual_run,SYNTHETIC_DATA_PROTOTYPE
1069,cf974244,src/controllers/admin-controller.js,passed,70,manual_run,SYNTHETIC_DATA_PROTOTYPE
1070,cf654634,src/auth/validators.js,passed,236,nightly_cron,SYNTHETIC_DATA_PROTOTYPE
1071,cf795613,src/auth/legacy-jwt.js,passed,171,manual_run,SYNTHETIC_DATA_PROTOTYPE
1072,cf221035,src/middleware/auth-middleware.js,passed,64,manual_run,SYNTHETIC_DATA_PROTOTYPE
1073,cf395442,src/middleware/auth-middleware.js,passed,69,manual_run,SYNTHETIC_DATA_PROTOTYPE
1074,cf765046,src/controllers/admin-controller.js,passed,82,nightly_cron,SYNTHETIC_DATA_PROTOTYPE
1075,cf196781,src/auth/validators.js,passed,94,pr_merge,SYNTHETIC_DATA_PROTOTYPE
1076,cf449759,src/db/connection.js,passed,41,pr_merge,SYNTHETIC_DATA_PROTOTYPE
1077,cf877236,src/controllers/user-controller.js,passed,97,pr_merge,SYNTHETIC_DATA_PROTOTYPE
1078,cf110139,src/models/user-model.js,passed,139,nightly_cron,SYNTHETIC_DATA_PROTOTYPE
1079,cf672092,src/middleware/auth-middleware.js,failed,206,pr_merge,SYNTHETIC_DATA_PROTOTYPE
1080,cf255287,src/auth/legacy-jwt.js,passed,179,nightly_cron,SYNTHETIC_DATA_PROTOTYPE
1081,cf934794,src/db/connection.js,failed,108,manual_run,SYNTHETIC_DATA_PROTOTYPE
1082,cf361650,src/auth/legacy-jwt.js,passed,83,nightly_cron,SYNTHETIC_DATA_PROTOTYPE
1083,cf750810,src/middleware/auth-middleware.js,failed,173,manual_run,SYNTHETIC_DATA_PROTOTYPE
1084,cf938742,src/controllers/user-controller.js,passed,90,pr_merge,SYNTHETIC_DATA_PROTOTYPE
1085,cf872343,src/controllers/user-controller.js,passed,36,pr_merge,SYNTHETIC_DATA_PROTOTYPE
1086,cf870763,src/utils/logger.js,passed,135,nightly_cron,SYNTHETIC_DATA_PROTOTYPE
1087,cf213346,src/controllers/admin-controller.js,passed,231,nightly_cron,SYNTHETIC_DATA_PROTOTYPE
1088,cf309267,src/db/connection.js,passed,150,pr_merge,SYNTHETIC_DATA_PROTOTYPE
1089,cf333752,src/models/user-model.js,passed,240,pr_merge,SYNTHETIC_DATA_PROTOTYPE
1090,cf392136,src/auth/legacy-jwt.js,passed,132,manual_run,SYNTHETIC_DATA_PROTOTYPE
1091,cf772642,src/middleware/auth-middleware.js,passed,101,manual_run,SYNTHETIC_DATA_PROTOTYPE
1092,cf128941,src/db/connection.js,passed,167,manual_run,SYNTHETIC_DATA_PROTOTYPE
1093,cf708792,src/middleware/auth-middleware.js,passed,96,pr_merge,SYNTHETIC_DATA_PROTOTYPE
1094,cf462479,src/auth/validators.js,failed,182,manual_run,SYNTHETIC_DATA_PROTOTYPE
1095,cf503906,src/utils/logger.js,passed,160,pr_merge,SYNTHETIC_DATA_PROTOTYPE
1096,cf101773,src/controllers/admin-controller.js,passed,211,manual_run,SYNTHETIC_DATA_PROTOTYPE
1097,cf446239,src/controllers/admin-controller.js,passed,47,nightly_cron,SYNTHETIC_DATA_PROTOTYPE
1098,cf414910,src/utils/logger.js,passed,61,nightly_cron,SYNTHETIC_DATA_PROTOTYPE
1099,cf831076,src/auth/validators.js,passed,113,manual_run,SYNTHETIC_DATA_PROTOTYPE
1100,cf797229,src/auth/validators.js,passed,79,manual_run,SYNTHETIC_DATA_PROTOTYPE
1101,cf696750,src/db/connection.js,passed,74,nightly_cron,SYNTHETIC_DATA_PROTOTYPE
1102,cf400850,src/auth/validators.js,passed,30,manual_run,SYNTHETIC_DATA_PROTOTYPE
1103,cf786508,src/controllers/admin-controller.js,passed,178,nightly_cron,SYNTHETIC_DATA_PROTOTYPE
1104,cf324082,src/utils/logger.js,passed,143,nightly_cron,SYNTHETIC_DATA_PROTOTYPE
1105,cf277934,src/models/user-model.js,passed,233,nightly_cron,SYNTHETIC_DATA_PROTOTYPE
1106,cf749342,src/middleware/auth-middleware.js,failed,199,nightly_cron,SYNTHETIC_DATA_PROTOTYPE
1107,cf805477,src/utils/logger.js,passed,222,pr_merge,SYNTHETIC_DATA_PROTOTYPE
1108,cf125611,src/auth/validators.js,passed,80,pr_merge,SYNTHETIC_DATA_PROTOTYPE
1109,cf991014,src/auth/legacy-jwt.js,failed,151,nightly_cron,SYNTHETIC_DATA_PROTOTYPE
1110,cf303880,src/middleware/auth-middleware.js,passed,191,nightly_cron,SYNTHETIC_DATA_PROTOTYPE
1111,cf787926,src/db/connection.js,passed,92,pr_merge,SYNTHETIC_DATA_PROTOTYPE
1112,cf916232,src/auth/legacy-jwt.js,passed,227,pr_merge,SYNTHETIC_DATA_PROTOTYPE
1113,cf643118,src/db/connection.js,failed,235,nightly_cron,SYNTHETIC_DATA_PROTOTYPE
1114,cf578634,src/models/user-model.js,failed,93,pr_merge,SYNTHETIC_DATA_PROTOTYPE
1115,cf686075,src/controllers/user-controller.js,passed,200,nightly_cron,SYNTHETIC_DATA_PROTOTYPE
1116,cf954596,src/utils/logger.js,passed,143,nightly_cron,SYNTHETIC_DATA_PROTOTYPE
1117,cf266889,src/db/connection.js,passed,170,manual_run,SYNTHETIC_DATA_PROTOTYPE
1118,cf980660,src/models/user-model.js,passed,222,pr_merge,SYNTHETIC_DATA_PROTOTYPE
1119,cf757193,src/auth/validators.js,passed,163,manual_run,SYNTHETIC_DATA_PROTOTYPE
1120,cf399607,src/controllers/admin-controller.js,passed,49,nightly_cron,SYNTHETIC_DATA_PROTOTYPE
1121,cf184491,src/controllers/admin-controller.js,passed,111,nightly_cron,SYNTHETIC_DATA_PROTOTYPE
1122,cf260227,src/controllers/user-controller.js,passed,128,nightly_cron,SYNTHETIC_DATA_PROTOTYPE
1123,cf668969,src/controllers/admin-controller.js,failed,134,manual_run,SYNTHETIC_DATA_PROTOTYPE
1124,cf508396,src/models/user-model.js,passed,82,manual_run,SYNTHETIC_DATA_PROTOTYPE
1125,cf498858,src/auth/legacy-jwt.js,passed,225,nightly_cron,SYNTHETIC_DATA_PROTOTYPE
1126,cf890075,src/models/user-model.js,failed,120,manual_run,SYNTHETIC_DATA_PROTOTYPE
1127,cf883826,src/db/connection.js,passed,137,nightly_cron,SYNTHETIC_DATA_PROTOTYPE
1128,cf609232,src/controllers/admin-controller.js,passed,99,manual_run,SYNTHETIC_DATA_PROTOTYPE
1129,cf936912,src/auth/legacy-jwt.js,passed,201,nightly_cron,SYNTHETIC_DATA_PROTOTYPE
1130,cf752483,src/db/connection.js,passed,149,pr_merge,SYNTHETIC_DATA_PROTOTYPE
1131,cf795205,src/auth/legacy-jwt.js,passed,181,nightly_cron,SYNTHETIC_DATA_PROTOTYPE
1132,cf584125,src/auth/legacy-jwt.js,failed,139,pr_merge,SYNTHETIC_DATA_PROTOTYPE
1133,cf321941,src/controllers/user-controller.js,failed,127,manual_run,SYNTHETIC_DATA_PROTOTYPE
1134,cf391773,src/models/user-model.js,passed,224,manual_run,SYNTHETIC_DATA_PROTOTYPE
1135,cf120324,src/db/connection.js,passed,50,manual_run,SYNTHETIC_DATA_PROTOTYPE
1136,cf781725,src/auth/legacy-jwt.js,passed,119,pr_merge,SYNTHETIC_DATA_PROTOTYPE
1137,cf890870,src/middleware/auth-middleware.js,passed,196,pr_merge,SYNTHETIC_DATA_PROTOTYPE
1138,cf751517,src/auth/legacy-jwt.js,passed,81,pr_merge,SYNTHETIC_DATA_PROTOTYPE
1139,cf219946,src/controllers/user-controller.js,passed,151,nightly_cron,SYNTHETIC_DATA_PROTOTYPE
1140,cf275939,src/controllers/admin-controller.js,passed,95,manual_run,SYNTHETIC_DATA_PROTOTYPE
1141,cf213349,src/middleware/auth-middleware.js,passed,71,manual_run,SYNTHETIC_DATA_PROTOTYPE
1142,cf493537,src/auth/legacy-jwt.js,passed,177,nightly_cron,SYNTHETIC_DATA_PROTOTYPE
1143,cf720859,src/db/connection.js,passed,80,pr_merge,SYNTHETIC_DATA_PROTOTYPE
1144,cf991597,src/controllers/admin-controller.js,passed,227,manual_run,SYNTHETIC_DATA_PROTOTYPE
1145,cf464069,src/middleware/auth-middleware.js,passed,174,pr_merge,SYNTHETIC_DATA_PROTOTYPE
1146,cf778998,src/db/connection.js,passed,47,nightly_cron,SYNTHETIC_DATA_PROTOTYPE
1147,cf210665,src/utils/logger.js,failed,137,manual_run,SYNTHETIC_DATA_PROTOTYPE
1148,cf841666,src/db/connection.js,passed,192,manual_run,SYNTHETIC_DATA_PROTOTYPE
1149,cf782054,src/controllers/user-controller.js,passed,217,nightly_cron,SYNTHETIC_DATA_PROTOTYPE
1150,cf587455,src/auth/validators.js,passed,167,manual_run,SYNTHETIC_DATA_PROTOTYPE
1151,cf437960,src/db/connection.js,passed,181,manual_run,SYNTHETIC_DATA_PROTOTYPE
1152,cf572700,src/controllers/admin-controller.js,passed,52,manual_run,SYNTHETIC_DATA_PROTOTYPE
1153,cf800646,src/controllers/admin-controller.js,passed,175,nightly_cron,SYNTHETIC_DATA_PROTOTYPE
1154,cf290672,src/db/connection.js,passed,156,manual_run,SYNTHETIC_DATA_PROTOTYPE
1155,cf456871,src/models/user-model.js,passed,234,manual_run,SYNTHETIC_DATA_PROTOTYPE
1156,cf682789,src/auth/validators.js,passed,209,manual_run,SYNTHETIC_DATA_PROTOTYPE
1157,cf353080,src/auth/legacy-jwt.js,passed,78,pr_merge,SYNTHETIC_DATA_PROTOTYPE
1158,cf824156,src/db/connection.js,passed,224,pr_merge,SYNTHETIC_DATA_PROTOTYPE
1159,cf931450,src/models/user-model.js,passed,155,manual_run,SYNTHETIC_DATA_PROTOTYPE
1160,cf825391,src/auth/legacy-jwt.js,failed,86,manual_run,SYNTHETIC_DATA_PROTOTYPE
1161,cf596249,src/controllers/admin-controller.js,passed,178,manual_run,SYNTHETIC_DATA_PROTOTYPE
1162,cf446859,src/utils/logger.js,passed,220,nightly_cron,SYNTHETIC_DATA_PROTOTYPE
1163,cf363615,src/utils/logger.js,passed,99,manual_run,SYNTHETIC_DATA_PROTOTYPE
1164,cf225362,src/controllers/admin-controller.js,passed,79,manual_run,SYNTHETIC_DATA_PROTOTYPE
1165,cf389930,src/controllers/user-controller.js,passed,219,manual_run,SYNTHETIC_DATA_PROTOTYPE
1166,cf338533,src/auth/validators.js,passed,79,manual_run,SYNTHETIC_DATA_PROTOTYPE
1167,cf660081,src/utils/logger.js,passed,33,nightly_cron,SYNTHETIC_DATA_PROTOTYPE
1168,cf406327,src/controllers/user-controller.js,passed,43,nightly_cron,SYNTHETIC_DATA_PROTOTYPE
1169,cf207570,src/controllers/user-controller.js,passed,222,manual_run,SYNTHETIC_DATA_PROTOTYPE
1170,cf561865,src/auth/legacy-jwt.js,passed,150,manual_run,SYNTHETIC_DATA_PROTOTYPE
1171,cf600935,src/utils/logger.js,passed,43,manual_run,SYNTHETIC_DATA_PROTOTYPE
1172,cf177680,src/middleware/auth-middleware.js,passed,132,manual_run,SYNTHETIC_DATA_PROTOTYPE
1173,cf418594,src/auth/legacy-jwt.js,failed,237,nightly_cron,SYNTHETIC_DATA_PROTOTYPE
1174,cf901577,src/middleware/auth-middleware.js,passed,60,nightly_cron,SYNTHETIC_DATA_PROTOTYPE
1175,cf336650,src/db/connection.js,passed,232,nightly_cron,SYNTHETIC_DATA_PROTOTYPE
1176,cf717113,src/db/connection.js,passed,143,manual_run,SYNTHETIC_DATA_PROTOTYPE
1177,cf739244,src/db/connection.js,passed,188,pr_merge,SYNTHETIC_DATA_PROTOTYPE
1178,cf321275,src/middleware/auth-middleware.js,passed,83,nightly_cron,SYNTHETIC_DATA_PROTOTYPE
1179,cf282256,src/auth/validators.js,passed,70,pr_merge,SYNTHETIC_DATA_PROTOTYPE
1180,cf822858,src/middleware/auth-middleware.js,failed,134,manual_run,SYNTHETIC_DATA_PROTOTYPE
1181,cf841296,src/models/user-model.js,passed,89,manual_run,SYNTHETIC_DATA_PROTOTYPE
1182,cf820775,src/auth/validators.js,passed,146,pr_merge,SYNTHETIC_DATA_PROTOTYPE
1183,cf718439,src/controllers/admin-controller.js,passed,231,nightly_cron,SYNTHETIC_DATA_PROTOTYPE
1184,cf779094,src/controllers/admin-controller.js,passed,169,pr_merge,SYNTHETIC_DATA_PROTOTYPE
1185,cf162535,src/controllers/user-controller.js,passed,66,pr_merge,SYNTHETIC_DATA_PROTOTYPE
1186,cf964278,src/controllers/user-controller.js,passed,182,nightly_cron,SYNTHETIC_DATA_PROTOTYPE
1187,cf418862,src/auth/validators.js,passed,149,nightly_cron,SYNTHETIC_DATA_PROTOTYPE
1188,cf617781,src/db/connection.js,passed,158,nightly_cron,SYNTHETIC_DATA_PROTOTYPE
1189,cf870214,src/models/user-model.js,failed,40,manual_run,SYNTHETIC_DATA_PROTOTYPE
1190,cf340044,src/utils/logger.js,passed,36,pr_merge,SYNTHETIC_DATA_PROTOTYPE
1191,cf704238,src/auth/legacy-jwt.js,passed,202,manual_run,SYNTHETIC_DATA_PROTOTYPE
1192,cf644173,src/auth/legacy-jwt.js,passed,74,manual_run,SYNTHETIC_DATA_PROTOTYPE
1193,cf557058,src/models/user-model.js,passed,76,nightly_cron,SYNTHETIC_DATA_PROTOTYPE
1194,cf528184,src/models/user-model.js,passed,150,manual_run,SYNTHETIC_DATA_PROTOTYPE
1195,cf445824,src/utils/logger.js,passed,56,pr_merge,SYNTHETIC_DATA_PROTOTYPE
1196,cf519904,src/db/connection.js,passed,103,nightly_cron,SYNTHETIC_DATA_PROTOTYPE
1197,cf438977,src/auth/legacy-jwt.js,passed,110,manual_run,SYNTHETIC_DATA_PROTOTYPE
1198,cf964998,src/middleware/auth-middleware.js,passed,133,nightly_cron,SYNTHETIC_DATA_PROTOTYPE
1199,cf533321,src/auth/legacy-jwt.js,passed,168,manual_run,SYNTHETIC_DATA_PROTOTYPE
1200,cf893188,src/auth/legacy-jwt.js,failed,122,nightly_cron,SYNTHETIC_DATA_PROTOTYPE
1201,cf313446,src/models/user-model.js,passed,224,pr_merge,SYNTHETIC_DATA_PROTOTYPE
1202,cf832168,src/auth/validators.js,passed,103,manual_run,SYNTHETIC_DATA_PROTOTYPE
1203,cf938141,src/models/user-model.js,failed,191,nightly_cron,SYNTHETIC_DATA_PROTOTYPE
1204,cf114338,src/controllers/admin-controller.js,passed,109,nightly_cron,SYNTHETIC_DATA_PROTOTYPE
1205,cf223172,src/db/connection.js,failed,59,manual_run,SYNTHETIC_DATA_PROTOTYPE
1206,cf633590,src/controllers/user-controller.js,passed,213,manual_run,SYNTHETIC_DATA_PROTOTYPE
1207,cf355570,src/auth/validators.js,passed,153,manual_run,SYNTHETIC_DATA_PROTOTYPE
1208,cf728492,src/models/user-model.js,passed,128,pr_merge,SYNTHETIC_DATA_PROTOTYPE
1209,cf456385,src/controllers/user-controller.js,passed,100,manual_run,SYNTHETIC_DATA_PROTOTYPE
1210,cf413058,src/auth/validators.js,passed,102,nightly_cron,SYNTHETIC_DATA_PROTOTYPE
1211,cf607868,src/models/user-model.js,passed,144,nightly_cron,SYNTHETIC_DATA_PROTOTYPE
1212,cf495533,src/utils/logger.js,passed,225,nightly_cron,SYNTHETIC_DATA_PROTOTYPE
1213,cf350405,src/models/user-model.js,passed,78,nightly_cron,SYNTHETIC_DATA_PROTOTYPE
1214,cf145767,src/db/connection.js,failed,228,manual_run,SYNTHETIC_DATA_PROTOTYPE
1215,cf504832,src/utils/logger.js,passed,210,manual_run,SYNTHETIC_DATA_PROTOTYPE
1216,cf626690,src/controllers/user-controller.js,passed,39,pr_merge,SYNTHETIC_DATA_PROTOTYPE
1217,cf651499,src/utils/logger.js,passed,142,pr_merge,SYNTHETIC_DATA_PROTOTYPE
1218,cf786587,src/models/user-model.js,failed,66,manual_run,SYNTHETIC_DATA_PROTOTYPE
1219,cf455007,src/controllers/user-controller.js,failed,230,manual_run,SYNTHETIC_DATA_PROTOTYPE
1220,cf659543,src/db/connection.js,passed,114,nightly_cron,SYNTHETIC_DATA_PROTOTYPE
1221,cf896290,src/db/connection.js,passed,190,nightly_cron,SYNTHETIC_DATA_PROTOTYPE
1222,cf171744,src/models/user-model.js,passed,39,nightly_cron,SYNTHETIC_DATA_PROTOTYPE
1223,cf883041,src/controllers/admin-controller.js,passed,103,pr_merge,SYNTHETIC_DATA_PROTOTYPE
1224,cf838083,src/middleware/auth-middleware.js,passed,55,nightly_cron,SYNTHETIC_DATA_PROTOTYPE
1225,cf130353,src/middleware/auth-middleware.js,passed,207,manual_run,SYNTHETIC_DATA_PROTOTYPE
1226,cf475876,src/auth/legacy-jwt.js,failed,44,manual_run,SYNTHETIC_DATA_PROTOTYPE
1227,cf532067,src/utils/logger.js,passed,92,nightly_cron,SYNTHETIC_DATA_PROTOTYPE
1228,cf501126,src/controllers/user-controller.js,passed,50,nightly_cron,SYNTHETIC_DATA_PROTOTYPE
1229,cf343467,src/controllers/admin-controller.js,passed,179,pr_merge,SYNTHETIC_DATA_PROTOTYPE
1230,cf799233,src/models/user-model.js,passed,147,manual_run,SYNTHETIC_DATA_PROTOTYPE
1231,cf810526,src/auth/legacy-jwt.js,passed,149,manual_run,SYNTHETIC_DATA_PROTOTYPE
1232,cf413685,src/controllers/user-controller.js,failed,118,nightly_cron,SYNTHETIC_DATA_PROTOTYPE
1233,cf308894,src/db/connection.js,passed,146,manual_run,SYNTHETIC_DATA_PROTOTYPE
1234,cf499889,src/db/connection.js,passed,57,pr_merge,SYNTHETIC_DATA_PROTOTYPE
1235,cf123005,src/utils/logger.js,passed,209,manual_run,SYNTHETIC_DATA_PROTOTYPE
1236,cf916118,src/db/connection.js,passed,174,nightly_cron,SYNTHETIC_DATA_PROTOTYPE
1237,cf973294,src/auth/legacy-jwt.js,passed,220,manual_run,SYNTHETIC_DATA_PROTOTYPE
1238,cf940886,src/auth/validators.js,passed,88,nightly_cron,SYNTHETIC_DATA_PROTOTYPE
1239,cf362801,src/utils/logger.js,passed,78,nightly_cron,SYNTHETIC_DATA_PROTOTYPE
1240,cf141337,src/controllers/user-controller.js,passed,190,nightly_cron,SYNTHETIC_DATA_PROTOTYPE
1241,cf482584,src/auth/validators.js,passed,38,nightly_cron,SYNTHETIC_DATA_PROTOTYPE
1242,cf883790,src/controllers/user-controller.js,failed,105,manual_run,SYNTHETIC_DATA_PROTOTYPE
1243,cf483629,src/db/connection.js,failed,63,nightly_cron,SYNTHETIC_DATA_PROTOTYPE
1244,cf945664,src/auth/validators.js,passed,95,manual_run,SYNTHETIC_DATA_PROTOTYPE
1245,cf591081,src/auth/validators.js,passed,116,pr_merge,SYNTHETIC_DATA_PROTOTYPE
1246,cf859396,src/middleware/auth-middleware.js,failed,87,nightly_cron,SYNTHETIC_DATA_PROTOTYPE
1247,cf483542,src/db/connection.js,passed,235,nightly_cron,SYNTHETIC_DATA_PROTOTYPE
1248,cf662636,src/middleware/auth-middleware.js,passed,33,manual_run,SYNTHETIC_DATA_PROTOTYPE
1249,cf805000,src/middleware/auth-middleware.js,passed,202,nightly_cron,SYNTHETIC_DATA_PROTOTYPE
1250,cf489518,src/auth/validators.js,passed,240,nightly_cron,SYNTHETIC_DATA_PROTOTYPE
1251,cf749641,src/middleware/auth-middleware.js,passed,150,pr_merge,SYNTHETIC_DATA_PROTOTYPE
1252,cf166287,src/utils/logger.js,passed,86,nightly_cron,SYNTHETIC_DATA_PROTOTYPE
1253,cf528129,src/models/user-model.js,passed,107,nightly_cron,SYNTHETIC_DATA_PROTOTYPE
1254,cf616554,src/middleware/auth-middleware.js,failed,39,manual_run,SYNTHETIC_DATA_PROTOTYPE
1255,cf507524,src/middleware/auth-middleware.js,failed,167,pr_merge,SYNTHETIC_DATA_PROTOTYPE
1256,cf666432,src/models/user-model.js,passed,220,nightly_cron,SYNTHETIC_DATA_PROTOTYPE
1257,cf535037,src/db/connection.js,passed,216,pr_merge,SYNTHETIC_DATA_PROTOTYPE
1258,cf393328,src/middleware/auth-middleware.js,passed,187,manual_run,SYNTHETIC_DATA_PROTOTYPE
1259,cf566297,src/auth/legacy-jwt.js,passed,85,manual_run,SYNTHETIC_DATA_PROTOTYPE
1260,cf485178,src/controllers/admin-controller.js,passed,55,nightly_cron,SYNTHETIC_DATA_PROTOTYPE
1261,cf228093,src/utils/logger.js,passed,100,pr_merge,SYNTHETIC_DATA_PROTOTYPE
1262,cf770556,src/models/user-model.js,failed,84,nightly_cron,SYNTHETIC_DATA_PROTOTYPE
1263,cf232040,src/auth/legacy-jwt.js,failed,115,pr_merge,SYNTHETIC_DATA_PROTOTYPE
1264,cf317220,src/controllers/admin-controller.js,failed,225,nightly_cron,SYNTHETIC_DATA_PROTOTYPE
1265,cf911984,src/controllers/admin-controller.js,passed,89,manual_run,SYNTHETIC_DATA_PROTOTYPE
1266,cf390743,src/controllers/user-controller.js,passed,182,pr_merge,SYNTHETIC_DATA_PROTOTYPE
1267,cf937302,src/controllers/user-controller.js,passed,168,manual_run,SYNTHETIC_DATA_PROTOTYPE
1268,cf115582,src/controllers/user-controller.js,failed,36,pr_merge,SYNTHETIC_DATA_PROTOTYPE
1269,cf439498,src/utils/logger.js,passed,90,nightly_cron,SYNTHETIC_DATA_PROTOTYPE
1270,cf877747,src/auth/legacy-jwt.js,failed,43,pr_merge,SYNTHETIC_DATA_PROTOTYPE
1271,cf599380,src/db/connection.js,passed,220,pr_merge,SYNTHETIC_DATA_PROTOTYPE
1272,cf214351,src/models/user-model.js,passed,161,nightly_cron,SYNTHETIC_DATA_PROTOTYPE
1273,cf862569,src/models/user-model.js,passed,187,pr_merge,SYNTHETIC_DATA_PROTOTYPE
1274,cf602248,src/auth/validators.js,passed,37,pr_merge,SYNTHETIC_DATA_PROTOTYPE
1275,cf847006,src/db/connection.js,passed,57,manual_run,SYNTHETIC_DATA_PROTOTYPE
1276,cf737846,src/models/user-model.js,failed,50,manual_run,SYNTHETIC_DATA_PROTOTYPE
1277,cf763829,src/controllers/user-controller.js,failed,100,nightly_cron,SYNTHETIC_DATA_PROTOTYPE
1278,cf409222,src/utils/logger.js,passed,182,nightly_cron,SYNTHETIC_DATA_PROTOTYPE
1279,cf931621,src/models/user-model.js,passed,140,pr_merge,SYNTHETIC_DATA_PROTOTYPE
1280,cf855855,src/middleware/auth-middleware.js,passed,196,nightly_cron,SYNTHETIC_DATA_PROTOTYPE
1281,cf455395,src/controllers/admin-controller.js,passed,88,manual_run,SYNTHETIC_DATA_PROTOTYPE
1282,cf427730,src/models/user-model.js,passed,216,pr_merge,SYNTHETIC_DATA_PROTOTYPE
1283,cf260053,src/db/connection.js,passed,95,manual_run,SYNTHETIC_DATA_PROTOTYPE
1284,cf552855,src/models/user-model.js,failed,51,pr_merge,SYNTHETIC_DATA_PROTOTYPE
1285,cf683397,src/middleware/auth-middleware.js,passed,125,pr_merge,SYNTHETIC_DATA_PROTOTYPE
1286,cf445658,src/auth/legacy-jwt.js,passed,173,nightly_cron,SYNTHETIC_DATA_PROTOTYPE
1287,cf856086,src/middleware/auth-middleware.js,passed,200,manual_run,SYNTHETIC_DATA_PROTOTYPE
1288,cf468727,src/auth/legacy-jwt.js,passed,183,manual_run,SYNTHETIC_DATA_PROTOTYPE
1289,cf788637,src/middleware/auth-middleware.js,passed,84,pr_merge,SYNTHETIC_DATA_PROTOTYPE
1290,cf986438,src/models/user-model.js,passed,57,manual_run,SYNTHETIC_DATA_PROTOTYPE
1291,cf337144,src/utils/logger.js,passed,101,nightly_cron,SYNTHETIC_DATA_PROTOTYPE
1292,cf743378,src/db/connection.js,passed,226,nightly_cron,SYNTHETIC_DATA_PROTOTYPE
1293,cf380439,src/auth/legacy-jwt.js,passed,198,nightly_cron,SYNTHETIC_DATA_PROTOTYPE
1294,cf456331,src/auth/legacy-jwt.js,failed,209,manual_run,SYNTHETIC_DATA_PROTOTYPE
1295,cf789275,src/utils/logger.js,failed,66,nightly_cron,SYNTHETIC_DATA_PROTOTYPE
1296,cf132146,src/db/connection.js,failed,219,nightly_cron,SYNTHETIC_DATA_PROTOTYPE
1297,cf540226,src/middleware/auth-middleware.js,passed,85,manual_run,SYNTHETIC_DATA_PROTOTYPE
1298,cf856648,src/models/user-model.js,passed,124,manual_run,SYNTHETIC_DATA_PROTOTYPE
1299,cf189083,src/utils/logger.js,passed,175,nightly_cron,SYNTHETIC_DATA_PROTOTYPE
1300,cf152179,src/auth/legacy-jwt.js,failed,223,nightly_cron,SYNTHETIC_DATA_PROTOTYPE
1301,cf609253,src/middleware/auth-middleware.js,failed,199,manual_run,SYNTHETIC_DATA_PROTOTYPE
1302,cf219346,src/models/user-model.js,passed,85,nightly_cron,SYNTHETIC_DATA_PROTOTYPE
1303,cf811444,src/utils/logger.js,passed,102,nightly_cron,SYNTHETIC_DATA_PROTOTYPE
1304,cf331230,src/models/user-model.js,passed,108,pr_merge,SYNTHETIC_DATA_PROTOTYPE
1305,cf314353,src/db/connection.js,passed,44,pr_merge,SYNTHETIC_DATA_PROTOTYPE
1306,cf901280,src/auth/validators.js,passed,226,pr_merge,SYNTHETIC_DATA_PROTOTYPE
1307,cf621546,src/auth/validators.js,passed,60,pr_merge,SYNTHETIC_DATA_PROTOTYPE
1308,cf837852,src/db/connection.js,failed,127,nightly_cron,SYNTHETIC_DATA_PROTOTYPE
1309,cf175576,src/controllers/admin-controller.js,passed,201,manual_run,SYNTHETIC_DATA_PROTOTYPE
1310,cf119651,src/db/connection.js,passed,40,manual_run,SYNTHETIC_DATA_PROTOTYPE
1311,cf550137,src/models/user-model.js,passed,110,nightly_cron,SYNTHETIC_DATA_PROTOTYPE
1312,cf220768,src/db/connection.js,passed,136,manual_run,SYNTHETIC_DATA_PROTOTYPE
1313,cf940247,src/db/connection.js,failed,113,pr_merge,SYNTHETIC_DATA_PROTOTYPE
1314,cf557925,src/models/user-model.js,passed,122,pr_merge,SYNTHETIC_DATA_PROTOTYPE
1315,cf649414,src/middleware/auth-middleware.js,failed,180,manual_run,SYNTHETIC_DATA_PROTOTYPE
1316,cf456005,src/middleware/auth-middleware.js,failed,109,nightly_cron,SYNTHETIC_DATA_PROTOTYPE
1317,cf635280,src/controllers/admin-controller.js,passed,73,pr_merge,SYNTHETIC_DATA_PROTOTYPE
1318,cf468154,src/middleware/auth-middleware.js,passed,79,manual_run,SYNTHETIC_DATA_PROTOTYPE
1319,cf306854,src/controllers/user-controller.js,passed,67,manual_run,SYNTHETIC_DATA_PROTOTYPE
1320,cf179013,src/controllers/user-controller.js,passed,224,nightly_cron,SYNTHETIC_DATA_PROTOTYPE
1321,cf586490,src/controllers/user-controller.js,passed,190,manual_run,SYNTHETIC_DATA_PROTOTYPE
1322,cf766158,src/models/user-model.js,passed,174,nightly_cron,SYNTHETIC_DATA_PROTOTYPE
1323,cf258290,src/utils/logger.js,passed,190,manual_run,SYNTHETIC_DATA_PROTOTYPE
1324,cf417530,src/models/user-model.js,failed,143,nightly_cron,SYNTHETIC_DATA_PROTOTYPE
1325,cf177794,src/auth/validators.js,passed,120,nightly_cron,SYNTHETIC_DATA_PROTOTYPE
1326,cf486649,src/auth/validators.js,passed,39,pr_merge,SYNTHETIC_DATA_PROTOTYPE
1327,cf722937,src/auth/validators.js,failed,53,nightly_cron,SYNTHETIC_DATA_PROTOTYPE
1328,cf143015,src/db/connection.js,passed,171,nightly_cron,SYNTHETIC_DATA_PROTOTYPE
1329,cf297383,src/models/user-model.js,passed,176,nightly_cron,SYNTHETIC_DATA_PROTOTYPE
1330,cf164879,src/utils/logger.js,passed,158,pr_merge,SYNTHETIC_DATA_PROTOTYPE
1331,cf188425,src/models/user-model.js,failed,117,nightly_cron,SYNTHETIC_DATA_PROTOTYPE
1332,cf560767,src/controllers/user-controller.js,failed,211,manual_run,SYNTHETIC_DATA_PROTOTYPE
1333,cf528625,src/controllers/user-controller.js,passed,102,manual_run,SYNTHETIC_DATA_PROTOTYPE
1334,cf778748,src/utils/logger.js,passed,43,nightly_cron,SYNTHETIC_DATA_PROTOTYPE
1335,cf811332,src/utils/logger.js,passed,54,nightly_cron,SYNTHETIC_DATA_PROTOTYPE
1336,cf731977,src/db/connection.js,passed,215,nightly_cron,SYNTHETIC_DATA_PROTOTYPE
1337,cf248298,src/controllers/user-controller.js,passed,179,nightly_cron,SYNTHETIC_DATA_PROTOTYPE
1338,cf794299,src/utils/logger.js,passed,197,nightly_cron,SYNTHETIC_DATA_PROTOTYPE
1339,cf424620,src/db/connection.js,failed,211,pr_merge,SYNTHETIC_DATA_PROTOTYPE
1340,cf802667,src/db/connection.js,passed,114,pr_merge,SYNTHETIC_DATA_PROTOTYPE
1341,cf479404,src/middleware/auth-middleware.js,passed,138,nightly_cron,SYNTHETIC_DATA_PROTOTYPE
1342,cf458332,src/auth/legacy-jwt.js,passed,76,pr_merge,SYNTHETIC_DATA_PROTOTYPE
1343,cf180913,src/models/user-model.js,failed,65,pr_merge,SYNTHETIC_DATA_PROTOTYPE
1344,cf908320,src/auth/validators.js,passed,55,nightly_cron,SYNTHETIC_DATA_PROTOTYPE
1345,cf237414,src/auth/legacy-jwt.js,passed,226,nightly_cron,SYNTHETIC_DATA_PROTOTYPE
1346,cf908554,src/db/connection.js,failed,76,nightly_cron,SYNTHETIC_DATA_PROTOTYPE
1347,cf481995,src/controllers/user-controller.js,passed,41,manual_run,SYNTHETIC_DATA_PROTOTYPE
1348,cf888939,src/controllers/admin-controller.js,passed,186,manual_run,SYNTHETIC_DATA_PROTOTYPE
1349,cf947903,src/models/user-model.js,passed,91,manual_run,SYNTHETIC_DATA_PROTOTYPE
1350,cf811256,src/models/user-model.js,passed,79,manual_run,SYNTHETIC_DATA_PROTOTYPE
1351,cf627335,src/models/user-model.js,passed,102,manual_run,SYNTHETIC_DATA_PROTOTYPE
1352,cf940181,src/db/connection.js,passed,239,pr_merge,SYNTHETIC_DATA_PROTOTYPE
1353,cf603935,src/controllers/user-controller.js,passed,43,nightly_cron,SYNTHETIC_DATA_PROTOTYPE
1354,cf986982,src/utils/logger.js,passed,56,nightly_cron,SYNTHETIC_DATA_PROTOTYPE
1355,cf386042,src/middleware/auth-middleware.js,failed,225,pr_merge,SYNTHETIC_DATA_PROTOTYPE
1356,cf196168,src/models/user-model.js,passed,67,manual_run,SYNTHETIC_DATA_PROTOTYPE
1357,cf535050,src/controllers/admin-controller.js,passed,119,pr_merge,SYNTHETIC_DATA_PROTOTYPE
1358,cf504924,src/auth/legacy-jwt.js,passed,125,pr_merge,SYNTHETIC_DATA_PROTOTYPE
1359,cf203896,src/middleware/auth-middleware.js,failed,37,manual_run,SYNTHETIC_DATA_PROTOTYPE
1360,cf400814,src/utils/logger.js,passed,65,pr_merge,SYNTHETIC_DATA_PROTOTYPE
1361,cf591897,src/models/user-model.js,passed,65,nightly_cron,SYNTHETIC_DATA_PROTOTYPE
1362,cf368355,src/models/user-model.js,passed,50,pr_merge,SYNTHETIC_DATA_PROTOTYPE
1363,cf738457,src/controllers/admin-controller.js,passed,170,nightly_cron,SYNTHETIC_DATA_PROTOTYPE
1364,cf415779,src/db/connection.js,failed,103,pr_merge,SYNTHETIC_DATA_PROTOTYPE
1365,cf932463,src/middleware/auth-middleware.js,failed,137,nightly_cron,SYNTHETIC_DATA_PROTOTYPE
1366,cf662093,src/models/user-model.js,failed,157,nightly_cron,SYNTHETIC_DATA_PROTOTYPE
1367,cf853448,src/auth/legacy-jwt.js,passed,177,pr_merge,SYNTHETIC_DATA_PROTOTYPE
1368,cf469954,src/controllers/user-controller.js,passed,30,nightly_cron,SYNTHETIC_DATA_PROTOTYPE
1369,cf800674,src/controllers/admin-controller.js,passed,77,nightly_cron,SYNTHETIC_DATA_PROTOTYPE
1370,cf651613,src/middleware/auth-middleware.js,passed,122,pr_merge,SYNTHETIC_DATA_PROTOTYPE
1371,cf766549,src/auth/legacy-jwt.js,passed,150,pr_merge,SYNTHETIC_DATA_PROTOTYPE
1372,cf117031,src/db/connection.js,passed,94,nightly_cron,SYNTHETIC_DATA_PROTOTYPE
1373,cf868544,src/utils/logger.js,passed,118,pr_merge,SYNTHETIC_DATA_PROTOTYPE
1374,cf239890,src/middleware/auth-middleware.js,passed,218,manual_run,SYNTHETIC_DATA_PROTOTYPE
1375,cf283594,src/auth/legacy-jwt.js,passed,116,nightly_cron,SYNTHETIC_DATA_PROTOTYPE
1376,cf291132,src/models/user-model.js,passed,152,nightly_cron,SYNTHETIC_DATA_PROTOTYPE
1377,cf138780,src/controllers/user-controller.js,failed,228,manual_run,SYNTHETIC_DATA_PROTOTYPE
1378,cf143941,src/auth/validators.js,passed,232,pr_merge,SYNTHETIC_DATA_PROTOTYPE
1379,cf955015,src/utils/logger.js,passed,161,manual_run,SYNTHETIC_DATA_PROTOTYPE
1380,cf300386,src/models/user-model.js,passed,222,nightly_cron,SYNTHETIC_DATA_PROTOTYPE
1381,cf787584,src/auth/validators.js,passed,229,pr_merge,SYNTHETIC_DATA_PROTOTYPE
1382,cf558176,src/utils/logger.js,passed,234,manual_run,SYNTHETIC_DATA_PROTOTYPE
1383,cf295892,src/db/connection.js,passed,128,manual_run,SYNTHETIC_DATA_PROTOTYPE
1384,cf379676,src/models/user-model.js,passed,124,nightly_cron,SYNTHETIC_DATA_PROTOTYPE
1385,cf731718,src/middleware/auth-middleware.js,passed,50,manual_run,SYNTHETIC_DATA_PROTOTYPE
1386,cf183958,src/controllers/user-controller.js,passed,112,pr_merge,SYNTHETIC_DATA_PROTOTYPE
1387,cf731894,src/utils/logger.js,passed,108,manual_run,SYNTHETIC_DATA_PROTOTYPE
1388,cf568849,src/db/connection.js,failed,143,manual_run,SYNTHETIC_DATA_PROTOTYPE
1389,cf556068,src/auth/legacy-jwt.js,passed,120,nightly_cron,SYNTHETIC_DATA_PROTOTYPE
1390,cf178686,src/auth/validators.js,passed,232,pr_merge,SYNTHETIC_DATA_PROTOTYPE
1391,cf812413,src/db/connection.js,passed,235,nightly_cron,SYNTHETIC_DATA_PROTOTYPE
1392,cf811027,src/controllers/user-controller.js,passed,66,nightly_cron,SYNTHETIC_DATA_PROTOTYPE
1393,cf916332,src/models/user-model.js,failed,47,pr_merge,SYNTHETIC_DATA_PROTOTYPE
1394,cf734487,src/utils/logger.js,passed,175,pr_merge,SYNTHETIC_DATA_PROTOTYPE
1395,cf565504,src/controllers/user-controller.js,passed,124,manual_run,SYNTHETIC_DATA_PROTOTYPE
1396,cf517368,src/middleware/auth-middleware.js,passed,165,manual_run,SYNTHETIC_DATA_PROTOTYPE
1397,cf127172,src/utils/logger.js,passed,93,pr_merge,SYNTHETIC_DATA_PROTOTYPE
1398,cf223481,src/controllers/user-controller.js,passed,129,nightly_cron,SYNTHETIC_DATA_PROTOTYPE
1399,cf324993,src/auth/validators.js,passed,210,manual_run,SYNTHETIC_DATA_PROTOTYPE
1400,cf228594,src/auth/validators.js,passed,155,pr_merge,SYNTHETIC_DATA_PROTOTYPE
1401,cf848022,src/controllers/user-controller.js,passed,145,pr_merge,SYNTHETIC_DATA_PROTOTYPE
1402,cf986593,src/models/user-model.js,passed,237,nightly_cron,SYNTHETIC_DATA_PROTOTYPE
1403,cf676713,src/utils/logger.js,passed,211,pr_merge,SYNTHETIC_DATA_PROTOTYPE
1404,cf844031,src/auth/validators.js,passed,70,nightly_cron,SYNTHETIC_DATA_PROTOTYPE
1405,cf227257,src/controllers/user-controller.js,passed,160,pr_merge,SYNTHETIC_DATA_PROTOTYPE
1406,cf127560,src/controllers/admin-controller.js,passed,90,manual_run,SYNTHETIC_DATA_PROTOTYPE
1407,cf942700,src/utils/logger.js,passed,124,manual_run,SYNTHETIC_DATA_PROTOTYPE
1408,cf424314,src/controllers/user-controller.js,passed,52,pr_merge,SYNTHETIC_DATA_PROTOTYPE
1409,cf651231,src/db/connection.js,passed,214,manual_run,SYNTHETIC_DATA_PROTOTYPE
1410,cf177333,src/db/connection.js,passed,240,nightly_cron,SYNTHETIC_DATA_PROTOTYPE
1411,cf571832,src/controllers/user-controller.js,passed,194,pr_merge,SYNTHETIC_DATA_PROTOTYPE
1412,cf969325,src/models/user-model.js,passed,118,pr_merge,SYNTHETIC_DATA_PROTOTYPE
1413,cf627290,src/controllers/user-controller.js,passed,63,manual_run,SYNTHETIC_DATA_PROTOTYPE
1414,cf418897,src/auth/legacy-jwt.js,passed,162,pr_merge,SYNTHETIC_DATA_PROTOTYPE
1415,cf462831,src/controllers/user-controller.js,passed,211,pr_merge,SYNTHETIC_DATA_PROTOTYPE
1416,cf765905,src/auth/validators.js,passed,94,pr_merge,SYNTHETIC_DATA_PROTOTYPE
1417,cf659392,src/auth/validators.js,passed,107,nightly_cron,SYNTHETIC_DATA_PROTOTYPE
1418,cf708851,src/middleware/auth-middleware.js,passed,73,nightly_cron,SYNTHETIC_DATA_PROTOTYPE
1419,cf734534,src/controllers/user-controller.js,passed,189,nightly_cron,SYNTHETIC_DATA_PROTOTYPE
1420,cf965322,src/utils/logger.js,passed,174,pr_merge,SYNTHETIC_DATA_PROTOTYPE
1421,cf377511,src/auth/legacy-jwt.js,failed,194,nightly_cron,SYNTHETIC_DATA_PROTOTYPE
1422,cf770030,src/controllers/admin-controller.js,passed,136,nightly_cron,SYNTHETIC_DATA_PROTOTYPE
1423,cf403742,src/auth/legacy-jwt.js,passed,190,nightly_cron,SYNTHETIC_DATA_PROTOTYPE
1424,cf525818,src/auth/validators.js,passed,236,nightly_cron,SYNTHETIC_DATA_PROTOTYPE
1425,cf265759,src/auth/validators.js,passed,206,pr_merge,SYNTHETIC_DATA_PROTOTYPE
1426,cf456717,src/models/user-model.js,passed,148,pr_merge,SYNTHETIC_DATA_PROTOTYPE
1427,cf869864,src/controllers/user-controller.js,passed,213,manual_run,SYNTHETIC_DATA_PROTOTYPE
1428,cf639995,src/utils/logger.js,passed,63,manual_run,SYNTHETIC_DATA_PROTOTYPE
1429,cf380464,src/middleware/auth-middleware.js,failed,149,pr_merge,SYNTHETIC_DATA_PROTOTYPE
1430,cf404309,src/models/user-model.js,passed,54,pr_merge,SYNTHETIC_DATA_PROTOTYPE
1431,cf267457,src/db/connection.js,passed,137,pr_merge,SYNTHETIC_DATA_PROTOTYPE
1432,cf299055,src/utils/logger.js,passed,214,manual_run,SYNTHETIC_DATA_PROTOTYPE
1433,cf622987,src/controllers/user-controller.js,passed,161,manual_run,SYNTHETIC_DATA_PROTOTYPE
1434,cf629996,src/auth/validators.js,passed,53,manual_run,SYNTHETIC_DATA_PROTOTYPE
1435,cf470037,src/models/user-model.js,passed,85,nightly_cron,SYNTHETIC_DATA_PROTOTYPE
1436,cf983791,src/auth/legacy-jwt.js,failed,156,nightly_cron,SYNTHETIC_DATA_PROTOTYPE
1437,cf551860,src/models/user-model.js,passed,32,pr_merge,SYNTHETIC_DATA_PROTOTYPE
1438,cf900961,src/controllers/user-controller.js,passed,216,manual_run,SYNTHETIC_DATA_PROTOTYPE
1439,cf697983,src/db/connection.js,passed,132,pr_merge,SYNTHETIC_DATA_PROTOTYPE
1440,cf505116,src/controllers/admin-controller.js,passed,103,pr_merge,SYNTHETIC_DATA_PROTOTYPE
1441,cf813449,src/models/user-model.js,passed,101,nightly_cron,SYNTHETIC_DATA_PROTOTYPE
1442,cf491326,src/middleware/auth-middleware.js,failed,54,manual_run,SYNTHETIC_DATA_PROTOTYPE
1443,cf308727,src/utils/logger.js,passed,123,pr_merge,SYNTHETIC_DATA_PROTOTYPE
1444,cf243693,src/db/connection.js,passed,41,pr_merge,SYNTHETIC_DATA_PROTOTYPE
1445,cf256175,src/utils/logger.js,passed,162,manual_run,SYNTHETIC_DATA_PROTOTYPE
1446,cf270395,src/controllers/user-controller.js,passed,186,manual_run,SYNTHETIC_DATA_PROTOTYPE
1447,cf722565,src/db/connection.js,passed,219,manual_run,SYNTHETIC_DATA_PROTOTYPE
1448,cf613641,src/utils/logger.js,passed,160,nightly_cron,SYNTHETIC_DATA_PROTOTYPE
1449,cf447329,src/auth/validators.js,passed,34,manual_run,SYNTHETIC_DATA_PROTOTYPE
1450,cf935457,src/middleware/auth-middleware.js,passed,179,manual_run,SYNTHETIC_DATA_PROTOTYPE
1451,cf920934,src/auth/legacy-jwt.js,passed,97,nightly_cron,SYNTHETIC_DATA_PROTOTYPE
1452,cf278794,src/controllers/admin-controller.js,passed,179,manual_run,SYNTHETIC_DATA_PROTOTYPE
1453,cf133104,src/db/connection.js,failed,204,pr_merge,SYNTHETIC_DATA_PROTOTYPE
1454,cf539122,src/middleware/auth-middleware.js,failed,142,manual_run,SYNTHETIC_DATA_PROTOTYPE
1455,cf626195,src/controllers/user-controller.js,passed,82,manual_run,SYNTHETIC_DATA_PROTOTYPE
1456,cf165306,src/models/user-model.js,passed,218,nightly_cron,SYNTHETIC_DATA_PROTOTYPE
1457,cf794395,src/controllers/user-controller.js,passed,173,manual_run,SYNTHETIC_DATA_PROTOTYPE
1458,cf581992,src/models/user-model.js,passed,110,pr_merge,SYNTHETIC_DATA_PROTOTYPE
1459,cf813813,src/utils/logger.js,passed,203,nightly_cron,SYNTHETIC_DATA_PROTOTYPE
1460,cf392559,src/auth/validators.js,passed,79,pr_merge,SYNTHETIC_DATA_PROTOTYPE
1461,cf839142,src/auth/validators.js,passed,106,manual_run,SYNTHETIC_DATA_PROTOTYPE
1462,cf603110,src/controllers/admin-controller.js,passed,155,manual_run,SYNTHETIC_DATA_PROTOTYPE
1463,cf386741,src/utils/logger.js,passed,233,nightly_cron,SYNTHETIC_DATA_PROTOTYPE
1464,cf498138,src/auth/validators.js,passed,203,nightly_cron,SYNTHETIC_DATA_PROTOTYPE
1465,cf404561,src/db/connection.js,passed,227,pr_merge,SYNTHETIC_DATA_PROTOTYPE
1466,cf463188,src/auth/legacy-jwt.js,failed,212,pr_merge,SYNTHETIC_DATA_PROTOTYPE
1467,cf324381,src/models/user-model.js,passed,221,manual_run,SYNTHETIC_DATA_PROTOTYPE
1468,cf829988,src/controllers/admin-controller.js,passed,99,nightly_cron,SYNTHETIC_DATA_PROTOTYPE
1469,cf715336,src/auth/validators.js,passed,187,nightly_cron,SYNTHETIC_DATA_PROTOTYPE
1470,cf336633,src/controllers/admin-controller.js,passed,201,nightly_cron,SYNTHETIC_DATA_PROTOTYPE
1471,cf852204,src/controllers/admin-controller.js,failed,135,manual_run,SYNTHETIC_DATA_PROTOTYPE
1472,cf105433,src/models/user-model.js,failed,227,pr_merge,SYNTHETIC_DATA_PROTOTYPE
1473,cf782139,src/controllers/user-controller.js,passed,151,manual_run,SYNTHETIC_DATA_PROTOTYPE
1474,cf399279,src/controllers/admin-controller.js,passed,103,manual_run,SYNTHETIC_DATA_PROTOTYPE
1475,cf702022,src/auth/legacy-jwt.js,passed,52,nightly_cron,SYNTHETIC_DATA_PROTOTYPE
1476,cf283568,src/controllers/admin-controller.js,passed,215,pr_merge,SYNTHETIC_DATA_PROTOTYPE
1477,cf976822,src/db/connection.js,passed,75,pr_merge,SYNTHETIC_DATA_PROTOTYPE
1478,cf403528,src/db/connection.js,passed,77,nightly_cron,SYNTHETIC_DATA_PROTOTYPE
1479,cf212512,src/auth/legacy-jwt.js,failed,175,nightly_cron,SYNTHETIC_DATA_PROTOTYPE
1480,cf649787,src/utils/logger.js,passed,194,nightly_cron,SYNTHETIC_DATA_PROTOTYPE
1481,cf590755,src/models/user-model.js,passed,64,nightly_cron,SYNTHETIC_DATA_PROTOTYPE
1482,cf270387,src/auth/validators.js,passed,58,manual_run,SYNTHETIC_DATA_PROTOTYPE
1483,cf114768,src/models/user-model.js,passed,213,pr_merge,SYNTHETIC_DATA_PROTOTYPE
1484,cf894068,src/utils/logger.js,passed,175,nightly_cron,SYNTHETIC_DATA_PROTOTYPE
1485,cf967161,src/controllers/admin-controller.js,passed,193,manual_run,SYNTHETIC_DATA_PROTOTYPE
1486,cf801765,src/db/connection.js,passed,52,manual_run,SYNTHETIC_DATA_PROTOTYPE
1487,cf439320,src/middleware/auth-middleware.js,failed,65,manual_run,SYNTHETIC_DATA_PROTOTYPE
1488,cf568436,src/controllers/admin-controller.js,failed,128,pr_merge,SYNTHETIC_DATA_PROTOTYPE
1489,cf857997,src/auth/validators.js,passed,107,nightly_cron,SYNTHETIC_DATA_PROTOTYPE
1490,cf347781,src/auth/legacy-jwt.js,failed,122,nightly_cron,SYNTHETIC_DATA_PROTOTYPE
1491,cf267475,src/auth/legacy-jwt.js,passed,149,manual_run,SYNTHETIC_DATA_PROTOTYPE
1492,cf823821,src/db/connection.js,passed,210,manual_run,SYNTHETIC_DATA_PROTOTYPE
1493,cf744481,src/middleware/auth-middleware.js,passed,105,manual_run,SYNTHETIC_DATA_PROTOTYPE
1494,cf260626,src/controllers/admin-controller.js,passed,64,manual_run,SYNTHETIC_DATA_PROTOTYPE
1495,cf536045,src/models/user-model.js,passed,185,manual_run,SYNTHETIC_DATA_PROTOTYPE
1496,cf965708,src/models/user-model.js,passed,235,nightly_cron,SYNTHETIC_DATA_PROTOTYPE
1497,cf925618,src/controllers/admin-controller.js,passed,204,nightly_cron,SYNTHETIC_DATA_PROTOTYPE
1498,cf479358,src/middleware/auth-middleware.js,passed,165,nightly_cron,SYNTHETIC_DATA_PROTOTYPE
1499,cf969032,src/middleware/auth-middleware.js,passed,58,pr_merge,SYNTHETIC_DATA_PROTOTYPE
1500,cf444056,src/controllers/admin-controller.js,passed,68,pr_merge,SYNTHETIC_DATA_PROTOTYPE
